배우,역할,영화
박신양,최창혁,범죄의 재구성
염정아,서인경,범죄의 재구성
백윤식,김선생,범죄의 재구성
이문식,이경복,범죄의 재구성
김윤석,이형사,범죄의 재구성
조승우,고니,타짜
김혜수,정마담,타짜
백윤식,평경장,타짜
유해진,고광렬,타짜
김윤석,아귀,타짜
김응수,곽철용,타짜
강동원,전우치,전우치
김윤석,화담,전우치
임수정,서인경,전우치
유해진,초랭이,전우치
백윤식,천관대사,전우치
김윤석,마카오박,도둑들
김혜수,팹시,도둑들
이정재,뽀빠이,도둑들
전지현,예니콜,도둑들
임달화,첸,도둑들
김해숙,씹던껌,도둑들
오달수,앤드류,도둑들
김수현,잠파노,도둑들
증국상,조니,도둑들
이신제,쥴리,도둑들
주진모,반장,도둑들
기국서,웨이홍,도둑들
신하균,이하철,도둑들
전지현,안옥윤,암살
이정재,염석진,암살
조진웅,추상옥,암살
진경,안성심,암살
심철종,카와구치 마무로,암살
박병은,카와구치 슌스케,암살
하정우,하와이 피스톨,암살
오달수,영감,암살
이경영,강인국,암살
김홍파,김구,암살
조승우,김원봉,암살
김우빈,가드,외계+인
김태리,이안,외계+인
소지섭,문도석,외계+인
염정아,흑설,외계+인
조우진,청운,외계+인
이하늬,민개인,외계+인
신정근,우왕,외계+인
이시훈,좌왕,외계+인
김의성,자장,외계+인
류준열,무륵,외계+인
김우빈,썬더,외계+인
김태리,이안,외계+인
염정아,흑설,외계+인
조우진,청운,외계+인
이하늬,민개인,외계+인
진선규,능파,외계+인
김의성,자장,외계+인
